-- phpMyAdmin SQL Dump
-- version 5.2.2
-- https://www.phpmyadmin.net/
--
-- Host: localhost:3306
-- Generation Time: Jun 13, 2025 at 07:34 PM
-- Server version: 5.7.33
-- PHP Version: 8.1.32

SET SQL_MODE = "NO_AUTO_VALUE_ON_ZERO";
START TRANSACTION;
SET time_zone = "+00:00";


/*!40101 SET @OLD_CHARACTER_SET_CLIENT=@@CHARACTER_SET_CLIENT */;
/*!40101 SET @OLD_CHARACTER_SET_RESULTS=@@CHARACTER_SET_RESULTS */;
/*!40101 SET @OLD_COLLATION_CONNECTION=@@COLLATION_CONNECTION */;
/*!40101 SET NAMES utf8mb4 */;

--
-- Database: `alfiansyah_cahyo_w`
--

-- --------------------------------------------------------

--
-- Table structure for table `categories`
--

CREATE TABLE `categories` (
  `id` int(11) NOT NULL,
  `name` varchar(100) NOT NULL,
  `created_at` datetime NOT NULL DEFAULT CURRENT_TIMESTAMP,
  `updated_at` datetime NOT NULL DEFAULT CURRENT_TIMESTAMP,
  `deleted_at` datetime DEFAULT NULL
) ENGINE=InnoDB DEFAULT CHARSET=latin1;

--
-- Dumping data for table `categories`
--

INSERT INTO `categories` (`id`, `name`, `created_at`, `updated_at`, `deleted_at`) VALUES
(1, 'Elektronik', '2025-06-11 16:24:02', '2025-06-11 16:24:02', NULL),
(2, 'Pakaian', '2025-06-11 16:24:02', '2025-06-11 16:24:02', NULL),
(3, 'Makanan & Minuman', '2025-06-11 16:24:02', '2025-06-11 16:24:02', NULL),
(4, 'Peralatan Rumah', '2025-06-11 16:24:02', '2025-06-11 16:24:02', NULL),
(5, 'Alat Tulis Kantor', '2025-06-11 16:24:02', '2025-06-11 16:24:02', NULL),
(8, 'Bahan Bangunan', '2025-06-11 16:24:02', '2025-06-13 11:01:53', NULL),
(10, 'Category Baru', '2025-06-12 16:11:17', '2025-06-12 16:11:17', '2025-06-12 16:46:54');

-- --------------------------------------------------------

--
-- Table structure for table `customers`
--

CREATE TABLE `customers` (
  `id` int(11) NOT NULL,
  `name` varchar(100) NOT NULL,
  `contact` varchar(100) NOT NULL,
  `created_at` datetime NOT NULL DEFAULT CURRENT_TIMESTAMP,
  `updated_at` datetime NOT NULL DEFAULT CURRENT_TIMESTAMP,
  `deleted_at` datetime DEFAULT NULL
) ENGINE=InnoDB DEFAULT CHARSET=latin1;

--
-- Dumping data for table `customers`
--

INSERT INTO `customers` (`id`, `name`, `contact`, `created_at`, `updated_at`, `deleted_at`) VALUES
(1, 'PT Sentosa Abadi', 'Yudi Pratama', '2025-06-11 23:56:27', '2025-06-11 23:56:27', NULL),
(2, 'CV Maju Jaya', 'Lina Kartika', '2025-06-11 23:56:27', '2025-06-11 23:56:27', NULL),
(3, 'Toko Sumber Rezeki', 'Hendra Saputra', '2025-06-11 23:56:27', '2025-06-11 23:56:27', NULL),
(4, 'UD Makmur Bersama', 'Sari Dewi', '2025-06-11 23:56:27', '2025-06-11 23:56:27', NULL),
(5, 'PT Global Niaga', 'Andi Gunawan', '2025-06-11 23:56:27', '2025-06-13 11:28:40', NULL),
(8, 'Customer Baru', '08987652314', '2025-06-12 16:19:10', '2025-06-12 16:19:10', '2025-06-12 16:47:21');

-- --------------------------------------------------------

--
-- Table structure for table `inventory_transactions`
--

CREATE TABLE `inventory_transactions` (
  `id` int(11) NOT NULL,
  `product_id` int(11) DEFAULT NULL,
  `quantity` int(11) NOT NULL,
  `type` enum('purchase','sale','adjustment') NOT NULL,
  `reference_id` int(11) DEFAULT NULL,
  `reference_table` varchar(50) DEFAULT NULL,
  `created_at` datetime DEFAULT CURRENT_TIMESTAMP,
  `deleted_at` datetime DEFAULT NULL,
  `created_by` int(11) DEFAULT NULL
) ENGINE=InnoDB DEFAULT CHARSET=latin1;

--
-- Dumping data for table `inventory_transactions`
--

INSERT INTO `inventory_transactions` (`id`, `product_id`, `quantity`, `type`, `reference_id`, `reference_table`, `created_at`, `deleted_at`, `created_by`) VALUES
(10, 10, 100, 'purchase', 12, 'purchases', '2025-06-12 16:31:25', NULL, 6),
(13, 10, 100, 'sale', 4, 'sales', '2025-06-12 16:39:43', NULL, 6);

-- --------------------------------------------------------

--
-- Table structure for table `products`
--

CREATE TABLE `products` (
  `id` int(11) NOT NULL,
  `name` varchar(100) NOT NULL,
  `sku` varchar(50) NOT NULL,
  `category_id` int(11) NOT NULL,
  `unit` varchar(20) NOT NULL,
  `price` decimal(15,2) NOT NULL DEFAULT '0.00',
  `cost_price` decimal(15,2) NOT NULL DEFAULT '0.00',
  `stock` int(11) NOT NULL DEFAULT '0',
  `created_at` datetime NOT NULL DEFAULT CURRENT_TIMESTAMP,
  `updated_at` datetime NOT NULL DEFAULT CURRENT_TIMESTAMP,
  `deleted_at` datetime DEFAULT NULL
) ENGINE=InnoDB DEFAULT CHARSET=latin1;

--
-- Dumping data for table `products`
--

INSERT INTO `products` (`id`, `name`, `sku`, `category_id`, `unit`, `price`, `cost_price`, `stock`, `created_at`, `updated_at`, `deleted_at`) VALUES
(1, 'Smartphone Android X1', 'ELEK-001', 1, 'unit', 3500000.00, 3000000.00, 50, '2025-06-08 02:06:49', '2025-06-08 02:06:49', NULL),
(2, 'Laptop ProBook 14\"', 'ELEK-002', 1, 'unit', 7500000.00, 6800000.00, 30, '2025-06-08 02:06:49', '2025-06-08 02:06:49', NULL),
(3, 'Kaos Polos Lengan Pendek', 'PAKA-001', 2, 'pcs', 50000.00, 30000.00, 200, '2025-06-08 02:06:49', '2025-06-08 02:06:49', NULL),
(4, 'Celana Jeans Slim Fit', 'PAKA-002', 2, 'pcs', 150000.00, 100000.00, 120, '2025-06-08 02:06:49', '2025-06-08 02:06:49', NULL),
(5, 'Keripik Singkong Pedas', 'MAKM-001', 3, 'pack', 10000.00, 7000.00, 300, '2025-06-08 02:06:49', '2025-06-08 02:06:49', NULL),
(6, 'Air Mineral 600ml', 'MAKM-002', 3, 'btl', 4000.00, 2500.00, 500, '2025-06-08 02:06:49', '2025-06-08 02:06:49', NULL),
(7, 'Blender 3in1', 'RUMA-001', 4, 'unit', 450000.00, 380000.00, 40, '2025-06-08 02:06:49', '2025-06-08 02:06:49', NULL),
(8, 'Kompor Gas 2 Tungku', 'RUMA-002', 4, 'unit', 650000.00, 550000.00, 25, '2025-06-08 02:06:49', '2025-06-08 02:06:49', NULL),
(9, 'Pulpen Gel Hitam', 'ATK-001', 5, 'pcs', 5000.00, 3000.00, 1000, '2025-06-08 02:06:49', '2025-06-08 02:06:49', NULL),
(10, 'Buku Tulis 40 Lembar', 'ATK-002', 5, 'pcs', 4000.00, 2500.00, 1000, '2025-06-08 02:06:49', '2025-06-13 13:40:00', NULL),
(12, 'Produk Baru', 'PBR-001', 10, 'pcs', 10000.00, 9000.00, 1000, '2025-06-12 16:11:54', '2025-06-12 16:11:54', '2025-06-12 16:47:02');

-- --------------------------------------------------------

--
-- Table structure for table `purchases`
--

CREATE TABLE `purchases` (
  `id` int(11) NOT NULL,
  `supplier_id` int(11) DEFAULT NULL,
  `total` decimal(15,2) DEFAULT '0.00',
  `status` enum('draft','received','cancelled') DEFAULT 'draft',
  `created_at` datetime DEFAULT CURRENT_TIMESTAMP,
  `deleted_at` datetime DEFAULT NULL,
  `created_by` int(11) DEFAULT NULL
) ENGINE=InnoDB DEFAULT CHARSET=latin1;

--
-- Dumping data for table `purchases`
--

INSERT INTO `purchases` (`id`, `supplier_id`, `total`, `status`, `created_at`, `deleted_at`, `created_by`) VALUES
(12, 5, 400000.00, 'received', '2025-06-12 16:31:25', NULL, 6);

-- --------------------------------------------------------

--
-- Table structure for table `purchase_items`
--

CREATE TABLE `purchase_items` (
  `id` int(11) NOT NULL,
  `purchase_id` int(11) DEFAULT NULL,
  `product_id` int(11) DEFAULT NULL,
  `quantity` int(11) NOT NULL,
  `unit_price` decimal(15,2) NOT NULL
) ENGINE=InnoDB DEFAULT CHARSET=latin1;

--
-- Dumping data for table `purchase_items`
--

INSERT INTO `purchase_items` (`id`, `purchase_id`, `product_id`, `quantity`, `unit_price`) VALUES
(9, 12, 10, 100, 4000.00);

--
-- Triggers `purchase_items`
--
DELIMITER $$
CREATE TRIGGER `trg_after_delete_purchase_item` AFTER DELETE ON `purchase_items` FOR EACH ROW BEGIN
  -- Kurangi stok karena pembelian dibatalkan
  UPDATE products
  SET stock = stock - OLD.quantity
  WHERE id = OLD.product_id;

  -- Hapus dari inventory_transactions
  DELETE FROM inventory_transactions
  WHERE product_id = OLD.product_id
    AND reference_id = OLD.purchase_id
    AND reference_table = 'purchases'
    AND type = 'purchase';
END
$$
DELIMITER ;
DELIMITER $$
CREATE TRIGGER `trg_after_insert_purchase_item` AFTER INSERT ON `purchase_items` FOR EACH ROW BEGIN
  -- Tambah stok produk
  UPDATE products
  SET stock = stock + NEW.quantity
  WHERE id = NEW.product_id;

  -- Catat transaksi inventory
  INSERT INTO inventory_transactions (
    product_id, quantity, type, reference_id, reference_table, created_by, created_at
  )
  VALUES (
    NEW.product_id,
    NEW.quantity,
    'purchase',
    NEW.purchase_id,
    'purchases',
    (SELECT created_by FROM purchases WHERE id = NEW.purchase_id),
    NOW()
  );
END
$$
DELIMITER ;
DELIMITER $$
CREATE TRIGGER `trg_after_update_purchase_item` AFTER UPDATE ON `purchase_items` FOR EACH ROW BEGIN
  -- Hitung selisih perubahan
  DECLARE qty_diff INT;
  SET qty_diff = NEW.quantity - OLD.quantity;

  -- Update stok
  UPDATE products
  SET stock = stock + qty_diff
  WHERE id = NEW.product_id;

  -- Update inventory_transactions (hanya jika 1 transaksi per item)
  UPDATE inventory_transactions
  SET quantity = quantity + qty_diff
  WHERE product_id = NEW.product_id
    AND reference_id = NEW.purchase_id
    AND reference_table = 'purchases'
    AND type = 'purchase';
END
$$
DELIMITER ;

-- --------------------------------------------------------

--
-- Table structure for table `roles`
--

CREATE TABLE `roles` (
  `id` int(11) NOT NULL,
  `name` varchar(50) NOT NULL,
  `created_at` datetime NOT NULL DEFAULT CURRENT_TIMESTAMP,
  `updated_at` datetime NOT NULL DEFAULT CURRENT_TIMESTAMP,
  `deleted_at` datetime DEFAULT NULL
) ENGINE=InnoDB DEFAULT CHARSET=latin1;

--
-- Dumping data for table `roles`
--

INSERT INTO `roles` (`id`, `name`, `created_at`, `updated_at`, `deleted_at`) VALUES
(1, 'Superadmin', '2025-06-12 14:20:55', '2025-06-13 13:48:16', NULL),
(2, 'Sales', '2025-06-12 14:20:55', '2025-06-12 14:20:55', NULL),
(3, 'Purchasing', '2025-06-12 14:20:55', '2025-06-12 14:20:55', NULL),
(4, 'Inventory Manager', '2025-06-12 14:20:55', '2025-06-12 14:20:55', NULL),
(5, 'Cashier', '2025-06-12 14:20:55', '2025-06-12 14:20:55', NULL),
(7, 'User Baru', '2025-06-12 16:19:21', '2025-06-12 16:19:21', '2025-06-12 16:47:36');

-- --------------------------------------------------------

--
-- Table structure for table `sales`
--

CREATE TABLE `sales` (
  `id` int(11) NOT NULL,
  `customer_id` int(11) DEFAULT NULL,
  `total` decimal(15,2) DEFAULT '0.00',
  `status` enum('paid','unpaid','cancelled') DEFAULT 'unpaid',
  `created_at` datetime DEFAULT CURRENT_TIMESTAMP,
  `deleted_at` datetime DEFAULT NULL,
  `created_by` int(11) DEFAULT NULL
) ENGINE=InnoDB DEFAULT CHARSET=latin1;

--
-- Dumping data for table `sales`
--

INSERT INTO `sales` (`id`, `customer_id`, `total`, `status`, `created_at`, `deleted_at`, `created_by`) VALUES
(4, 2, 400000.00, 'paid', '2025-06-12 16:39:43', NULL, 6);

-- --------------------------------------------------------

--
-- Table structure for table `sale_items`
--

CREATE TABLE `sale_items` (
  `id` int(11) NOT NULL,
  `sale_id` int(11) DEFAULT NULL,
  `product_id` int(11) DEFAULT NULL,
  `quantity` int(11) NOT NULL,
  `unit_price` decimal(15,2) NOT NULL
) ENGINE=InnoDB DEFAULT CHARSET=latin1;

--
-- Dumping data for table `sale_items`
--

INSERT INTO `sale_items` (`id`, `sale_id`, `product_id`, `quantity`, `unit_price`) VALUES
(4, 4, 10, 100, 4000.00);

--
-- Triggers `sale_items`
--
DELIMITER $$
CREATE TRIGGER `trg_after_delete_sale_item` AFTER DELETE ON `sale_items` FOR EACH ROW BEGIN
  -- Tambah stok kembali karena penjualan dibatalkan
  UPDATE products
  SET stock = stock + OLD.quantity
  WHERE id = OLD.product_id;

  -- Hapus dari inventory_transactions
  DELETE FROM inventory_transactions
  WHERE product_id = OLD.product_id
    AND reference_id = OLD.sale_id
    AND reference_table = 'sales'
    AND type = 'sale';
END
$$
DELIMITER ;
DELIMITER $$
CREATE TRIGGER `trg_after_insert_sale_item` AFTER INSERT ON `sale_items` FOR EACH ROW BEGIN
  -- Cek apakah stok cukup (opsional, jika ingin safety)
  IF (SELECT stock FROM products WHERE id = NEW.product_id) >= NEW.quantity THEN

    -- Kurangi stok produk
    UPDATE products
    SET stock = stock - NEW.quantity
    WHERE id = NEW.product_id;

    -- Catat transaksi inventory
    INSERT INTO inventory_transactions (
      product_id, quantity, type, reference_id, reference_table, created_by
    ) VALUES (
      NEW.product_id, NEW.quantity, 'sale', NEW.sale_id, 'sales',
  (SELECT created_by FROM sales WHERE id = NEW.sale_id)
    );

  END IF;
END
$$
DELIMITER ;
DELIMITER $$
CREATE TRIGGER `trg_after_update_sale_item` AFTER UPDATE ON `sale_items` FOR EACH ROW BEGIN
  -- Hitung selisih perubahan jumlah
  DECLARE qty_diff INT;
  SET qty_diff = NEW.quantity - OLD.quantity;

  -- Update stok produk
  UPDATE products
  SET stock = stock - qty_diff
  WHERE id = NEW.product_id;

  -- Update inventory_transactions (jika hanya 1 transaksi per item)
  UPDATE inventory_transactions
  SET quantity = quantity + qty_diff
  WHERE product_id = NEW.product_id
    AND reference_id = NEW.sale_id
    AND reference_table = 'sales'
    AND type = 'sale';
END
$$
DELIMITER ;

-- --------------------------------------------------------

--
-- Table structure for table `suppliers`
--

CREATE TABLE `suppliers` (
  `id` int(11) NOT NULL,
  `name` varchar(100) NOT NULL,
  `contact` varchar(100) NOT NULL,
  `created_at` datetime NOT NULL DEFAULT CURRENT_TIMESTAMP,
  `updated_at` datetime NOT NULL DEFAULT CURRENT_TIMESTAMP,
  `deleted_at` datetime DEFAULT NULL
) ENGINE=InnoDB DEFAULT CHARSET=latin1;

--
-- Dumping data for table `suppliers`
--

INSERT INTO `suppliers` (`id`, `name`, `contact`, `created_at`, `updated_at`, `deleted_at`) VALUES
(1, 'PT Sumber Elektronik', 'sumber.elektronik@email.com', '2025-06-11 23:44:38', '2025-06-11 23:44:38', NULL),
(2, 'Toko Pakaian Makmur', 'pakaianmakmur@gmail.com', '2025-06-11 23:44:38', '2025-06-13 11:18:17', NULL),
(3, 'CV Makanan Sehat', 'makanan.sehat@gmail.com', '2025-06-11 23:44:38', '2025-06-11 23:44:38', NULL),
(4, 'UD Alat Rumah Tangga', '0856-9876-5432', '2025-06-11 23:44:38', '2025-06-11 23:44:38', NULL),
(5, 'ATK Stationery Center', 'atkcenter@outlook.com', '2025-06-11 23:44:38', '2025-06-11 23:44:38', NULL),
(11, 'Supplier Baru', '085819727856', '2025-06-12 16:17:53', '2025-06-12 16:17:53', '2025-06-12 16:47:08');

-- --------------------------------------------------------

--
-- Table structure for table `users`
--

CREATE TABLE `users` (
  `id` int(11) NOT NULL,
  `username` varchar(50) NOT NULL,
  `password_hash` varchar(255) NOT NULL,
  `role_id` int(11) NOT NULL,
  `created_at` datetime NOT NULL DEFAULT CURRENT_TIMESTAMP,
  `updated_at` datetime NOT NULL DEFAULT CURRENT_TIMESTAMP,
  `deleted_at` datetime DEFAULT NULL
) ENGINE=InnoDB DEFAULT CHARSET=latin1;

--
-- Dumping data for table `users`
--

INSERT INTO `users` (`id`, `username`, `password_hash`, `role_id`, `created_at`, `updated_at`, `deleted_at`) VALUES
(6, 'admin_user', '$2b$10$QvH5XdP8fjWqm4dsQgTdte41bwD9DiSMSVB.TGQX0yAEEpNOErx/2', 1, '2025-06-11 10:48:53', '2025-06-11 10:48:53', NULL),
(7, 'sales_john', '$2b$10$63iNOrq29G6Ek5qMJhJV1emW7cQskdDyczMHtj2IJU3/L7lpiQwiW', 2, '2025-06-11 10:49:13', '2025-06-11 10:49:13', NULL),
(8, 'purch_anna', '$2b$10$v.os4LsPi60kNO2x3UatiezPk.DxP7rAy9KLXcjxgiv/7gTc4uBd2', 3, '2025-06-11 10:49:25', '2025-06-11 10:49:25', NULL),
(9, 'inv_mike', '$2b$10$S/e3ZgNQmMpMmBsK4ACM6.WmwvfdQgBkIzwpMvFhHALCje1GWXSKm', 4, '2025-06-11 10:49:39', '2025-06-11 10:49:39', NULL),
(10, 'cashier_sue', '$2b$10$hVGmzbTwelGwpmY4OggYBeeGh5tu9bNGCuFuNatNYMavTfk.gLVr6', 5, '2025-06-11 10:49:57', '2025-06-11 10:49:57', NULL);

--
-- Indexes for dumped tables
--

--
-- Indexes for table `categories`
--
ALTER TABLE `categories`
  ADD PRIMARY KEY (`id`);

--
-- Indexes for table `customers`
--
ALTER TABLE `customers`
  ADD PRIMARY KEY (`id`);

--
-- Indexes for table `inventory_transactions`
--
ALTER TABLE `inventory_transactions`
  ADD PRIMARY KEY (`id`),
  ADD KEY `product_id` (`product_id`),
  ADD KEY `created_by` (`created_by`);

--
-- Indexes for table `products`
--
ALTER TABLE `products`
  ADD PRIMARY KEY (`id`),
  ADD KEY `category_id` (`category_id`);

--
-- Indexes for table `purchases`
--
ALTER TABLE `purchases`
  ADD PRIMARY KEY (`id`),
  ADD KEY `supplier_id` (`supplier_id`),
  ADD KEY `created_by` (`created_by`);

--
-- Indexes for table `purchase_items`
--
ALTER TABLE `purchase_items`
  ADD PRIMARY KEY (`id`),
  ADD KEY `purchase_id` (`purchase_id`),
  ADD KEY `product_id` (`product_id`);

--
-- Indexes for table `roles`
--
ALTER TABLE `roles`
  ADD PRIMARY KEY (`id`);

--
-- Indexes for table `sales`
--
ALTER TABLE `sales`
  ADD PRIMARY KEY (`id`),
  ADD KEY `customer_id` (`customer_id`),
  ADD KEY `created_by` (`created_by`);

--
-- Indexes for table `sale_items`
--
ALTER TABLE `sale_items`
  ADD PRIMARY KEY (`id`),
  ADD KEY `sale_id` (`sale_id`),
  ADD KEY `product_id` (`product_id`);

--
-- Indexes for table `suppliers`
--
ALTER TABLE `suppliers`
  ADD PRIMARY KEY (`id`);

--
-- Indexes for table `users`
--
ALTER TABLE `users`
  ADD PRIMARY KEY (`id`),
  ADD KEY `role_id` (`role_id`);

--
-- AUTO_INCREMENT for dumped tables
--

--
-- AUTO_INCREMENT for table `categories`
--
ALTER TABLE `categories`
  MODIFY `id` int(11) NOT NULL AUTO_INCREMENT, AUTO_INCREMENT=11;

--
-- AUTO_INCREMENT for table `customers`
--
ALTER TABLE `customers`
  MODIFY `id` int(11) NOT NULL AUTO_INCREMENT, AUTO_INCREMENT=9;

--
-- AUTO_INCREMENT for table `inventory_transactions`
--
ALTER TABLE `inventory_transactions`
  MODIFY `id` int(11) NOT NULL AUTO_INCREMENT, AUTO_INCREMENT=14;

--
-- AUTO_INCREMENT for table `products`
--
ALTER TABLE `products`
  MODIFY `id` int(11) NOT NULL AUTO_INCREMENT, AUTO_INCREMENT=13;

--
-- AUTO_INCREMENT for table `purchases`
--
ALTER TABLE `purchases`
  MODIFY `id` int(11) NOT NULL AUTO_INCREMENT, AUTO_INCREMENT=13;

--
-- AUTO_INCREMENT for table `purchase_items`
--
ALTER TABLE `purchase_items`
  MODIFY `id` int(11) NOT NULL AUTO_INCREMENT, AUTO_INCREMENT=10;

--
-- AUTO_INCREMENT for table `roles`
--
ALTER TABLE `roles`
  MODIFY `id` int(11) NOT NULL AUTO_INCREMENT, AUTO_INCREMENT=8;

--
-- AUTO_INCREMENT for table `sales`
--
ALTER TABLE `sales`
  MODIFY `id` int(11) NOT NULL AUTO_INCREMENT, AUTO_INCREMENT=5;

--
-- AUTO_INCREMENT for table `sale_items`
--
ALTER TABLE `sale_items`
  MODIFY `id` int(11) NOT NULL AUTO_INCREMENT, AUTO_INCREMENT=5;

--
-- AUTO_INCREMENT for table `suppliers`
--
ALTER TABLE `suppliers`
  MODIFY `id` int(11) NOT NULL AUTO_INCREMENT, AUTO_INCREMENT=12;

--
-- AUTO_INCREMENT for table `users`
--
ALTER TABLE `users`
  MODIFY `id` int(11) NOT NULL AUTO_INCREMENT, AUTO_INCREMENT=11;

--
-- Constraints for dumped tables
--

--
-- Constraints for table `inventory_transactions`
--
ALTER TABLE `inventory_transactions`
  ADD CONSTRAINT `inventory_transactions_ibfk_1` FOREIGN KEY (`product_id`) REFERENCES `products` (`id`),
  ADD CONSTRAINT `inventory_transactions_ibfk_2` FOREIGN KEY (`created_by`) REFERENCES `users` (`id`);

--
-- Constraints for table `products`
--
ALTER TABLE `products`
  ADD CONSTRAINT `products_ibfk_1` FOREIGN KEY (`category_id`) REFERENCES `categories` (`id`);

--
-- Constraints for table `purchases`
--
ALTER TABLE `purchases`
  ADD CONSTRAINT `purchases_ibfk_1` FOREIGN KEY (`supplier_id`) REFERENCES `suppliers` (`id`),
  ADD CONSTRAINT `purchases_ibfk_2` FOREIGN KEY (`created_by`) REFERENCES `users` (`id`);

--
-- Constraints for table `purchase_items`
--
ALTER TABLE `purchase_items`
  ADD CONSTRAINT `purchase_items_ibfk_1` FOREIGN KEY (`purchase_id`) REFERENCES `purchases` (`id`),
  ADD CONSTRAINT `purchase_items_ibfk_2` FOREIGN KEY (`product_id`) REFERENCES `products` (`id`);

--
-- Constraints for table `sales`
--
ALTER TABLE `sales`
  ADD CONSTRAINT `sales_ibfk_1` FOREIGN KEY (`customer_id`) REFERENCES `customers` (`id`),
  ADD CONSTRAINT `sales_ibfk_2` FOREIGN KEY (`created_by`) REFERENCES `users` (`id`);

--
-- Constraints for table `sale_items`
--
ALTER TABLE `sale_items`
  ADD CONSTRAINT `sale_items_ibfk_1` FOREIGN KEY (`sale_id`) REFERENCES `sales` (`id`),
  ADD CONSTRAINT `sale_items_ibfk_2` FOREIGN KEY (`product_id`) REFERENCES `products` (`id`);

--
-- Constraints for table `users`
--
ALTER TABLE `users`
  ADD CONSTRAINT `users_ibfk_1` FOREIGN KEY (`role_id`) REFERENCES `roles` (`id`);
COMMIT;

/*!40101 SET CHARACTER_SET_CLIENT=@OLD_CHARACTER_SET_CLIENT */;
/*!40101 SET CHARACTER_SET_RESULTS=@OLD_CHARACTER_SET_RESULTS */;
/*!40101 SET COLLATION_CONNECTION=@OLD_COLLATION_CONNECTION */;
